function,handler,file_path
Abs,fn_abs,/Users/maxwittenberg/Desktop/dagger_excel/excel_thorobid/Dagger_IronCalc/base/src/functions/mathematical.rs
Acos,fn_acos,/Users/maxwittenberg/Desktop/dagger_excel/excel_thorobid/Dagger_IronCalc/base/src/functions/mathematical.rs
Acosh,fn_acosh,/Users/maxwittenberg/Desktop/dagger_excel/excel_thorobid/Dagger_IronCalc/base/src/functions/mathematical.rs
Acot,fn_acot,/Users/maxwittenberg/Desktop/dagger_excel/excel_thorobid/Dagger_IronCalc/base/src/functions/mathematical.rs
Acoth,fn_acoth,/Users/maxwittenberg/Desktop/dagger_excel/excel_thorobid/Dagger_IronCalc/base/src/functions/mathematical.rs
And,fn_and,/Users/maxwittenberg/Desktop/dagger_excel/excel_thorobid/Dagger_IronCalc/base/src/functions/logical.rs
Arabic,fn_arabic,/Users/maxwittenberg/Desktop/dagger_excel/excel_thorobid/Dagger_IronCalc/base/src/functions/mathematical.rs
Asin,fn_asin,/Users/maxwittenberg/Desktop/dagger_excel/excel_thorobid/Dagger_IronCalc/base/src/functions/mathematical.rs
Asinh,fn_asinh,/Users/maxwittenberg/Desktop/dagger_excel/excel_thorobid/Dagger_IronCalc/base/src/functions/mathematical.rs
Atan,fn_atan,/Users/maxwittenberg/Desktop/dagger_excel/excel_thorobid/Dagger_IronCalc/base/src/functions/mathematical.rs
Atan2,fn_atan2,/Users/maxwittenberg/Desktop/dagger_excel/excel_thorobid/Dagger_IronCalc/base/src/functions/mathematical.rs
Atanh,fn_atanh,/Users/maxwittenberg/Desktop/dagger_excel/excel_thorobid/Dagger_IronCalc/base/src/functions/mathematical.rs
Avedev,fn_avedev,/Users/maxwittenberg/Desktop/dagger_excel/excel_thorobid/Dagger_IronCalc/base/src/functions/statistical/count_and_average.rs
Average,fn_average,/Users/maxwittenberg/Desktop/dagger_excel/excel_thorobid/Dagger_IronCalc/base/src/functions/statistical/count_and_average.rs
Averagea,fn_averagea,/Users/maxwittenberg/Desktop/dagger_excel/excel_thorobid/Dagger_IronCalc/base/src/functions/statistical/count_and_average.rs
Averageif,fn_averageif,/Users/maxwittenberg/Desktop/dagger_excel/excel_thorobid/Dagger_IronCalc/base/src/functions/statistical/if_ifs.rs
Averageifs,fn_averageifs,/Users/maxwittenberg/Desktop/dagger_excel/excel_thorobid/Dagger_IronCalc/base/src/functions/statistical/if_ifs.rs
Base,fn_base,/Users/maxwittenberg/Desktop/dagger_excel/excel_thorobid/Dagger_IronCalc/base/src/functions/mathematical.rs
Besseli,fn_besseli,/Users/maxwittenberg/Desktop/dagger_excel/excel_thorobid/Dagger_IronCalc/base/src/functions/engineering/bessel.rs
Besselj,fn_besselj,/Users/maxwittenberg/Desktop/dagger_excel/excel_thorobid/Dagger_IronCalc/base/src/functions/engineering/bessel.rs
Besselk,fn_besselk,/Users/maxwittenberg/Desktop/dagger_excel/excel_thorobid/Dagger_IronCalc/base/src/functions/engineering/bessel.rs
Bessely,fn_bessely,/Users/maxwittenberg/Desktop/dagger_excel/excel_thorobid/Dagger_IronCalc/base/src/functions/engineering/bessel.rs
BetaDist,fn_beta_dist,/Users/maxwittenberg/Desktop/dagger_excel/excel_thorobid/Dagger_IronCalc/base/src/functions/statistical/beta.rs
BetaInv,fn_beta_inv,/Users/maxwittenberg/Desktop/dagger_excel/excel_thorobid/Dagger_IronCalc/base/src/functions/statistical/beta.rs
Bin2dec,fn_bin2dec,/Users/maxwittenberg/Desktop/dagger_excel/excel_thorobid/Dagger_IronCalc/base/src/functions/engineering/number_basis.rs
Bin2hex,fn_bin2hex,/Users/maxwittenberg/Desktop/dagger_excel/excel_thorobid/Dagger_IronCalc/base/src/functions/engineering/number_basis.rs
Bin2oct,fn_bin2oct,/Users/maxwittenberg/Desktop/dagger_excel/excel_thorobid/Dagger_IronCalc/base/src/functions/engineering/number_basis.rs
BinomDist,fn_binom_dist,/Users/maxwittenberg/Desktop/dagger_excel/excel_thorobid/Dagger_IronCalc/base/src/functions/statistical/binom.rs
BinomDistRange,fn_binom_dist_range,/Users/maxwittenberg/Desktop/dagger_excel/excel_thorobid/Dagger_IronCalc/base/src/functions/statistical/binom.rs
BinomInv,fn_binom_inv,/Users/maxwittenberg/Desktop/dagger_excel/excel_thorobid/Dagger_IronCalc/base/src/functions/statistical/binom.rs
Bitand,fn_bitand,/Users/maxwittenberg/Desktop/dagger_excel/excel_thorobid/Dagger_IronCalc/base/src/functions/engineering/bit_operations.rs
Bitlshift,fn_bitlshift,/Users/maxwittenberg/Desktop/dagger_excel/excel_thorobid/Dagger_IronCalc/base/src/functions/engineering/bit_operations.rs
Bitor,fn_bitor,/Users/maxwittenberg/Desktop/dagger_excel/excel_thorobid/Dagger_IronCalc/base/src/functions/engineering/bit_operations.rs
Bitrshift,fn_bitrshift,/Users/maxwittenberg/Desktop/dagger_excel/excel_thorobid/Dagger_IronCalc/base/src/functions/engineering/bit_operations.rs
Bitxor,fn_bitxor,/Users/maxwittenberg/Desktop/dagger_excel/excel_thorobid/Dagger_IronCalc/base/src/functions/engineering/bit_operations.rs
Ceiling,fn_ceiling,/Users/maxwittenberg/Desktop/dagger_excel/excel_thorobid/Dagger_IronCalc/base/src/functions/mathematical.rs
CeilingMath,fn_ceiling_math,/Users/maxwittenberg/Desktop/dagger_excel/excel_thorobid/Dagger_IronCalc/base/src/functions/mathematical.rs
CeilingPrecise,fn_ceiling_precise,/Users/maxwittenberg/Desktop/dagger_excel/excel_thorobid/Dagger_IronCalc/base/src/functions/mathematical.rs
Cell,fn_cell,/Users/maxwittenberg/Desktop/dagger_excel/excel_thorobid/Dagger_IronCalc/base/src/functions/information.rs
ChisqDist,fn_chisq_dist,/Users/maxwittenberg/Desktop/dagger_excel/excel_thorobid/Dagger_IronCalc/base/src/functions/statistical/chisq.rs
ChisqDistRT,fn_chisq_dist_rt,/Users/maxwittenberg/Desktop/dagger_excel/excel_thorobid/Dagger_IronCalc/base/src/functions/statistical/chisq.rs
ChisqInv,fn_chisq_inv,/Users/maxwittenberg/Desktop/dagger_excel/excel_thorobid/Dagger_IronCalc/base/src/functions/statistical/chisq.rs
ChisqInvRT,fn_chisq_inv_rt,/Users/maxwittenberg/Desktop/dagger_excel/excel_thorobid/Dagger_IronCalc/base/src/functions/statistical/chisq.rs
ChisqTest,fn_chisq_test,/Users/maxwittenberg/Desktop/dagger_excel/excel_thorobid/Dagger_IronCalc/base/src/functions/statistical/chisq.rs
Choose,fn_choose,/Users/maxwittenberg/Desktop/dagger_excel/excel_thorobid/Dagger_IronCalc/base/src/functions/lookup_and_reference.rs
Column,fn_column,/Users/maxwittenberg/Desktop/dagger_excel/excel_thorobid/Dagger_IronCalc/base/src/functions/lookup_and_reference.rs
Columns,fn_columns,/Users/maxwittenberg/Desktop/dagger_excel/excel_thorobid/Dagger_IronCalc/base/src/functions/lookup_and_reference.rs
Combin,fn_combin,/Users/maxwittenberg/Desktop/dagger_excel/excel_thorobid/Dagger_IronCalc/base/src/functions/mathematical.rs
Combina,fn_combina,/Users/maxwittenberg/Desktop/dagger_excel/excel_thorobid/Dagger_IronCalc/base/src/functions/mathematical.rs
Complex,fn_complex,/Users/maxwittenberg/Desktop/dagger_excel/excel_thorobid/Dagger_IronCalc/base/src/functions/engineering/complex.rs
Concat,fn_concat,/Users/maxwittenberg/Desktop/dagger_excel/excel_thorobid/Dagger_IronCalc/base/src/functions/text.rs
Concatenate,fn_concatenate,/Users/maxwittenberg/Desktop/dagger_excel/excel_thorobid/Dagger_IronCalc/base/src/functions/text.rs
ConfidenceNorm,fn_confidence_norm,/Users/maxwittenberg/Desktop/dagger_excel/excel_thorobid/Dagger_IronCalc/base/src/functions/statistical/normal.rs
ConfidenceT,fn_confidence_t,/Users/maxwittenberg/Desktop/dagger_excel/excel_thorobid/Dagger_IronCalc/base/src/functions/statistical/normal.rs
Convert,fn_convert,/Users/maxwittenberg/Desktop/dagger_excel/excel_thorobid/Dagger_IronCalc/base/src/functions/engineering/convert.rs
Correl,fn_correl,/Users/maxwittenberg/Desktop/dagger_excel/excel_thorobid/Dagger_IronCalc/base/src/functions/statistical/correl.rs
Cos,fn_cos,/Users/maxwittenberg/Desktop/dagger_excel/excel_thorobid/Dagger_IronCalc/base/src/functions/mathematical.rs
Cosh,fn_cosh,/Users/maxwittenberg/Desktop/dagger_excel/excel_thorobid/Dagger_IronCalc/base/src/functions/mathematical.rs
Cot,fn_cot,/Users/maxwittenberg/Desktop/dagger_excel/excel_thorobid/Dagger_IronCalc/base/src/functions/mathematical.rs
Coth,fn_coth,/Users/maxwittenberg/Desktop/dagger_excel/excel_thorobid/Dagger_IronCalc/base/src/functions/mathematical.rs
Count,fn_count,/Users/maxwittenberg/Desktop/dagger_excel/excel_thorobid/Dagger_IronCalc/base/src/functions/statistical/count_and_average.rs
Counta,fn_counta,/Users/maxwittenberg/Desktop/dagger_excel/excel_thorobid/Dagger_IronCalc/base/src/functions/statistical/count_and_average.rs
Countblank,fn_countblank,/Users/maxwittenberg/Desktop/dagger_excel/excel_thorobid/Dagger_IronCalc/base/src/functions/statistical/count_and_average.rs
Countif,fn_countif,/Users/maxwittenberg/Desktop/dagger_excel/excel_thorobid/Dagger_IronCalc/base/src/functions/statistical/if_ifs.rs
Countifs,fn_countifs,/Users/maxwittenberg/Desktop/dagger_excel/excel_thorobid/Dagger_IronCalc/base/src/functions/statistical/if_ifs.rs
CovarianceP,fn_covariance_p,/Users/maxwittenberg/Desktop/dagger_excel/excel_thorobid/Dagger_IronCalc/base/src/functions/statistical/covariance.rs
CovarianceS,fn_covariance_s,/Users/maxwittenberg/Desktop/dagger_excel/excel_thorobid/Dagger_IronCalc/base/src/functions/statistical/covariance.rs
Csc,fn_csc,/Users/maxwittenberg/Desktop/dagger_excel/excel_thorobid/Dagger_IronCalc/base/src/functions/mathematical.rs
Csch,fn_csch,/Users/maxwittenberg/Desktop/dagger_excel/excel_thorobid/Dagger_IronCalc/base/src/functions/mathematical.rs
Cumipmt,fn_cumipmt,/Users/maxwittenberg/Desktop/dagger_excel/excel_thorobid/Dagger_IronCalc/base/src/functions/financial.rs
Cumprinc,fn_cumprinc,/Users/maxwittenberg/Desktop/dagger_excel/excel_thorobid/Dagger_IronCalc/base/src/functions/financial.rs
Date,fn_date,/Users/maxwittenberg/Desktop/dagger_excel/excel_thorobid/Dagger_IronCalc/base/src/functions/date_and_time.rs
Datedif,fn_datedif,/Users/maxwittenberg/Desktop/dagger_excel/excel_thorobid/Dagger_IronCalc/base/src/functions/date_and_time.rs
Datevalue,fn_datevalue,/Users/maxwittenberg/Desktop/dagger_excel/excel_thorobid/Dagger_IronCalc/base/src/functions/date_and_time.rs
Daverage,fn_daverage,/Users/maxwittenberg/Desktop/dagger_excel/excel_thorobid/Dagger_IronCalc/base/src/functions/database.rs
Day,fn_day,/Users/maxwittenberg/Desktop/dagger_excel/excel_thorobid/Dagger_IronCalc/base/src/functions/date_and_time.rs
Days,fn_days,/Users/maxwittenberg/Desktop/dagger_excel/excel_thorobid/Dagger_IronCalc/base/src/functions/date_and_time.rs
Days360,fn_days360,/Users/maxwittenberg/Desktop/dagger_excel/excel_thorobid/Dagger_IronCalc/base/src/functions/date_and_time.rs
Db,fn_db,/Users/maxwittenberg/Desktop/dagger_excel/excel_thorobid/Dagger_IronCalc/base/src/functions/financial.rs
Dcount,fn_dcount,/Users/maxwittenberg/Desktop/dagger_excel/excel_thorobid/Dagger_IronCalc/base/src/functions/database.rs
Dcounta,fn_dcounta,/Users/maxwittenberg/Desktop/dagger_excel/excel_thorobid/Dagger_IronCalc/base/src/functions/database.rs
Ddb,fn_ddb,/Users/maxwittenberg/Desktop/dagger_excel/excel_thorobid/Dagger_IronCalc/base/src/functions/financial.rs
Dec2Bin,fn_dec2bin,/Users/maxwittenberg/Desktop/dagger_excel/excel_thorobid/Dagger_IronCalc/base/src/functions/engineering/number_basis.rs
Dec2hex,fn_dec2hex,/Users/maxwittenberg/Desktop/dagger_excel/excel_thorobid/Dagger_IronCalc/base/src/functions/engineering/number_basis.rs
Dec2oct,fn_dec2oct,/Users/maxwittenberg/Desktop/dagger_excel/excel_thorobid/Dagger_IronCalc/base/src/functions/engineering/number_basis.rs
Decimal,fn_decimal,/Users/maxwittenberg/Desktop/dagger_excel/excel_thorobid/Dagger_IronCalc/base/src/functions/mathematical.rs
Degrees,fn_degrees,/Users/maxwittenberg/Desktop/dagger_excel/excel_thorobid/Dagger_IronCalc/base/src/functions/mathematical.rs
Delta,fn_delta,/Users/maxwittenberg/Desktop/dagger_excel/excel_thorobid/Dagger_IronCalc/base/src/functions/engineering/misc.rs
Devsq,fn_devsq,/Users/maxwittenberg/Desktop/dagger_excel/excel_thorobid/Dagger_IronCalc/base/src/functions/statistical/devsq.rs
Dget,fn_dget,/Users/maxwittenberg/Desktop/dagger_excel/excel_thorobid/Dagger_IronCalc/base/src/functions/database.rs
Dmax,fn_dmax,/Users/maxwittenberg/Desktop/dagger_excel/excel_thorobid/Dagger_IronCalc/base/src/functions/database.rs
Dmin,fn_dmin,/Users/maxwittenberg/Desktop/dagger_excel/excel_thorobid/Dagger_IronCalc/base/src/functions/database.rs
Dollarde,fn_dollarde,/Users/maxwittenberg/Desktop/dagger_excel/excel_thorobid/Dagger_IronCalc/base/src/functions/financial.rs
Dollarfr,fn_dollarfr,/Users/maxwittenberg/Desktop/dagger_excel/excel_thorobid/Dagger_IronCalc/base/src/functions/financial.rs
Dproduct,fn_dproduct,/Users/maxwittenberg/Desktop/dagger_excel/excel_thorobid/Dagger_IronCalc/base/src/functions/database.rs
Dstdev,fn_dstdev,/Users/maxwittenberg/Desktop/dagger_excel/excel_thorobid/Dagger_IronCalc/base/src/functions/database.rs
Dstdevp,fn_dstdevp,/Users/maxwittenberg/Desktop/dagger_excel/excel_thorobid/Dagger_IronCalc/base/src/functions/database.rs
Dsum,fn_dsum,/Users/maxwittenberg/Desktop/dagger_excel/excel_thorobid/Dagger_IronCalc/base/src/functions/database.rs
Dvar,fn_dvar,/Users/maxwittenberg/Desktop/dagger_excel/excel_thorobid/Dagger_IronCalc/base/src/functions/database.rs
Dvarp,fn_dvarp,/Users/maxwittenberg/Desktop/dagger_excel/excel_thorobid/Dagger_IronCalc/base/src/functions/database.rs
Edate,fn_edate,/Users/maxwittenberg/Desktop/dagger_excel/excel_thorobid/Dagger_IronCalc/base/src/functions/date_and_time.rs
Effect,fn_effect,/Users/maxwittenberg/Desktop/dagger_excel/excel_thorobid/Dagger_IronCalc/base/src/functions/financial.rs
Eomonth,fn_eomonth,/Users/maxwittenberg/Desktop/dagger_excel/excel_thorobid/Dagger_IronCalc/base/src/functions/date_and_time.rs
Erf,fn_erf,/Users/maxwittenberg/Desktop/dagger_excel/excel_thorobid/Dagger_IronCalc/base/src/functions/engineering/bessel.rs
ErfPrecise,fn_erfprecise,/Users/maxwittenberg/Desktop/dagger_excel/excel_thorobid/Dagger_IronCalc/base/src/functions/engineering/bessel.rs
Erfc,fn_erfc,/Users/maxwittenberg/Desktop/dagger_excel/excel_thorobid/Dagger_IronCalc/base/src/functions/engineering/bessel.rs
ErfcPrecise,fn_erfcprecise,/Users/maxwittenberg/Desktop/dagger_excel/excel_thorobid/Dagger_IronCalc/base/src/functions/engineering/bessel.rs
ErrorType,fn_errortype,/Users/maxwittenberg/Desktop/dagger_excel/excel_thorobid/Dagger_IronCalc/base/src/functions/information.rs
Even,fn_even,/Users/maxwittenberg/Desktop/dagger_excel/excel_thorobid/Dagger_IronCalc/base/src/functions/mathematical.rs
Exact,fn_exact,/Users/maxwittenberg/Desktop/dagger_excel/excel_thorobid/Dagger_IronCalc/base/src/functions/text.rs
Exp,fn_exp,/Users/maxwittenberg/Desktop/dagger_excel/excel_thorobid/Dagger_IronCalc/base/src/functions/mathematical.rs
ExponDist,fn_expon_dist,/Users/maxwittenberg/Desktop/dagger_excel/excel_thorobid/Dagger_IronCalc/base/src/functions/statistical/exponential.rs
FDist,fn_f_dist,/Users/maxwittenberg/Desktop/dagger_excel/excel_thorobid/Dagger_IronCalc/base/src/functions/statistical/fisher.rs
FDistRT,fn_f_dist_rt,/Users/maxwittenberg/Desktop/dagger_excel/excel_thorobid/Dagger_IronCalc/base/src/functions/statistical/fisher.rs
FInv,fn_f_inv,/Users/maxwittenberg/Desktop/dagger_excel/excel_thorobid/Dagger_IronCalc/base/src/functions/statistical/fisher.rs
FInvRT,fn_f_inv_rt,/Users/maxwittenberg/Desktop/dagger_excel/excel_thorobid/Dagger_IronCalc/base/src/functions/statistical/fisher.rs
FTest,fn_f_test,/Users/maxwittenberg/Desktop/dagger_excel/excel_thorobid/Dagger_IronCalc/base/src/functions/statistical/fisher.rs
Fact,fn_fact,/Users/maxwittenberg/Desktop/dagger_excel/excel_thorobid/Dagger_IronCalc/base/src/functions/mathematical.rs
Factdouble,fn_factdouble,/Users/maxwittenberg/Desktop/dagger_excel/excel_thorobid/Dagger_IronCalc/base/src/functions/mathematical.rs
False,fn_false,/Users/maxwittenberg/Desktop/dagger_excel/excel_thorobid/Dagger_IronCalc/base/src/functions/logical.rs
Find,fn_find,/Users/maxwittenberg/Desktop/dagger_excel/excel_thorobid/Dagger_IronCalc/base/src/functions/text.rs
Fisher,fn_fisher,/Users/maxwittenberg/Desktop/dagger_excel/excel_thorobid/Dagger_IronCalc/base/src/functions/statistical/fisher.rs
FisherInv,fn_fisher_inv,/Users/maxwittenberg/Desktop/dagger_excel/excel_thorobid/Dagger_IronCalc/base/src/functions/statistical/fisher.rs
Floor,fn_floor,/Users/maxwittenberg/Desktop/dagger_excel/excel_thorobid/Dagger_IronCalc/base/src/functions/mathematical.rs
FloorMath,fn_floor_math,/Users/maxwittenberg/Desktop/dagger_excel/excel_thorobid/Dagger_IronCalc/base/src/functions/mathematical.rs
FloorPrecise,fn_floor_precise,/Users/maxwittenberg/Desktop/dagger_excel/excel_thorobid/Dagger_IronCalc/base/src/functions/mathematical.rs
Formulatext,fn_formulatext,/Users/maxwittenberg/Desktop/dagger_excel/excel_thorobid/Dagger_IronCalc/base/src/functions/lookup_and_reference.rs
Fv,fn_fv,/Users/maxwittenberg/Desktop/dagger_excel/excel_thorobid/Dagger_IronCalc/base/src/functions/financial.rs
Gamma,fn_gamma,/Users/maxwittenberg/Desktop/dagger_excel/excel_thorobid/Dagger_IronCalc/base/src/functions/statistical/gamma.rs
GammaDist,fn_gamma_dist,/Users/maxwittenberg/Desktop/dagger_excel/excel_thorobid/Dagger_IronCalc/base/src/functions/statistical/gamma.rs
GammaInv,fn_gamma_inv,/Users/maxwittenberg/Desktop/dagger_excel/excel_thorobid/Dagger_IronCalc/base/src/functions/statistical/gamma.rs
GammaLn,fn_gamma_ln,/Users/maxwittenberg/Desktop/dagger_excel/excel_thorobid/Dagger_IronCalc/base/src/functions/statistical/gamma.rs
GammaLnPrecise,fn_gamma_ln_precise,/Users/maxwittenberg/Desktop/dagger_excel/excel_thorobid/Dagger_IronCalc/base/src/functions/statistical/gamma.rs
Gauss,fn_gauss,/Users/maxwittenberg/Desktop/dagger_excel/excel_thorobid/Dagger_IronCalc/base/src/functions/statistical/gauss.rs
Gcd,fn_gcd,/Users/maxwittenberg/Desktop/dagger_excel/excel_thorobid/Dagger_IronCalc/base/src/functions/mathematical.rs
Geomean,fn_geomean,/Users/maxwittenberg/Desktop/dagger_excel/excel_thorobid/Dagger_IronCalc/base/src/functions/statistical/geomean.rs
Gestep,fn_gestep,/Users/maxwittenberg/Desktop/dagger_excel/excel_thorobid/Dagger_IronCalc/base/src/functions/engineering/misc.rs
Harmean,fn_harmean,/Users/maxwittenberg/Desktop/dagger_excel/excel_thorobid/Dagger_IronCalc/base/src/functions/statistical/count_and_average.rs
Hex2bin,fn_hex2bin,/Users/maxwittenberg/Desktop/dagger_excel/excel_thorobid/Dagger_IronCalc/base/src/functions/engineering/number_basis.rs
Hex2dec,fn_hex2dec,/Users/maxwittenberg/Desktop/dagger_excel/excel_thorobid/Dagger_IronCalc/base/src/functions/engineering/number_basis.rs
Hex2oct,fn_hex2oct,/Users/maxwittenberg/Desktop/dagger_excel/excel_thorobid/Dagger_IronCalc/base/src/functions/engineering/number_basis.rs
Hlookup,fn_hlookup,/Users/maxwittenberg/Desktop/dagger_excel/excel_thorobid/Dagger_IronCalc/base/src/functions/lookup_and_reference.rs
Hour,fn_hour,/Users/maxwittenberg/Desktop/dagger_excel/excel_thorobid/Dagger_IronCalc/base/src/functions/date_and_time.rs
HypGeomDist,fn_hyp_geom_dist,/Users/maxwittenberg/Desktop/dagger_excel/excel_thorobid/Dagger_IronCalc/base/src/functions/statistical/hypegeom.rs
If,fn_if,/Users/maxwittenberg/Desktop/dagger_excel/excel_thorobid/Dagger_IronCalc/base/src/functions/logical.rs
Iferror,fn_iferror,/Users/maxwittenberg/Desktop/dagger_excel/excel_thorobid/Dagger_IronCalc/base/src/functions/logical.rs
Ifna,fn_ifna,/Users/maxwittenberg/Desktop/dagger_excel/excel_thorobid/Dagger_IronCalc/base/src/functions/logical.rs
Ifs,fn_ifs,/Users/maxwittenberg/Desktop/dagger_excel/excel_thorobid/Dagger_IronCalc/base/src/functions/logical.rs
Imabs,fn_imabs,/Users/maxwittenberg/Desktop/dagger_excel/excel_thorobid/Dagger_IronCalc/base/src/functions/engineering/complex.rs
Imaginary,fn_imaginary,/Users/maxwittenberg/Desktop/dagger_excel/excel_thorobid/Dagger_IronCalc/base/src/functions/engineering/complex.rs
Imargument,fn_imargument,/Users/maxwittenberg/Desktop/dagger_excel/excel_thorobid/Dagger_IronCalc/base/src/functions/engineering/complex.rs
Imconjugate,fn_imconjugate,/Users/maxwittenberg/Desktop/dagger_excel/excel_thorobid/Dagger_IronCalc/base/src/functions/engineering/complex.rs
Imcos,fn_imcos,/Users/maxwittenberg/Desktop/dagger_excel/excel_thorobid/Dagger_IronCalc/base/src/functions/engineering/complex.rs
Imcosh,fn_imcosh,/Users/maxwittenberg/Desktop/dagger_excel/excel_thorobid/Dagger_IronCalc/base/src/functions/engineering/complex.rs
Imcot,fn_imcot,/Users/maxwittenberg/Desktop/dagger_excel/excel_thorobid/Dagger_IronCalc/base/src/functions/engineering/complex.rs
Imcsc,fn_imcsc,/Users/maxwittenberg/Desktop/dagger_excel/excel_thorobid/Dagger_IronCalc/base/src/functions/engineering/complex.rs
Imcsch,fn_imcsch,/Users/maxwittenberg/Desktop/dagger_excel/excel_thorobid/Dagger_IronCalc/base/src/functions/engineering/complex.rs
Imdiv,fn_imdiv,/Users/maxwittenberg/Desktop/dagger_excel/excel_thorobid/Dagger_IronCalc/base/src/functions/engineering/complex.rs
Imexp,fn_imexp,/Users/maxwittenberg/Desktop/dagger_excel/excel_thorobid/Dagger_IronCalc/base/src/functions/engineering/complex.rs
Imln,fn_imln,/Users/maxwittenberg/Desktop/dagger_excel/excel_thorobid/Dagger_IronCalc/base/src/functions/engineering/complex.rs
Imlog10,fn_imlog10,/Users/maxwittenberg/Desktop/dagger_excel/excel_thorobid/Dagger_IronCalc/base/src/functions/engineering/complex.rs
Imlog2,fn_imlog2,/Users/maxwittenberg/Desktop/dagger_excel/excel_thorobid/Dagger_IronCalc/base/src/functions/engineering/complex.rs
Impower,fn_impower,/Users/maxwittenberg/Desktop/dagger_excel/excel_thorobid/Dagger_IronCalc/base/src/functions/engineering/complex.rs
Improduct,fn_improduct,/Users/maxwittenberg/Desktop/dagger_excel/excel_thorobid/Dagger_IronCalc/base/src/functions/engineering/complex.rs
Imreal,fn_imreal,/Users/maxwittenberg/Desktop/dagger_excel/excel_thorobid/Dagger_IronCalc/base/src/functions/engineering/complex.rs
Imsec,fn_imsec,/Users/maxwittenberg/Desktop/dagger_excel/excel_thorobid/Dagger_IronCalc/base/src/functions/engineering/complex.rs
Imsech,fn_imsech,/Users/maxwittenberg/Desktop/dagger_excel/excel_thorobid/Dagger_IronCalc/base/src/functions/engineering/complex.rs
Imsin,fn_imsin,/Users/maxwittenberg/Desktop/dagger_excel/excel_thorobid/Dagger_IronCalc/base/src/functions/engineering/complex.rs
Imsinh,fn_imsinh,/Users/maxwittenberg/Desktop/dagger_excel/excel_thorobid/Dagger_IronCalc/base/src/functions/engineering/complex.rs
Imsqrt,fn_imsqrt,/Users/maxwittenberg/Desktop/dagger_excel/excel_thorobid/Dagger_IronCalc/base/src/functions/engineering/complex.rs
Imsub,fn_imsub,/Users/maxwittenberg/Desktop/dagger_excel/excel_thorobid/Dagger_IronCalc/base/src/functions/engineering/complex.rs
Imsum,fn_imsum,/Users/maxwittenberg/Desktop/dagger_excel/excel_thorobid/Dagger_IronCalc/base/src/functions/engineering/complex.rs
Imtan,fn_imtan,/Users/maxwittenberg/Desktop/dagger_excel/excel_thorobid/Dagger_IronCalc/base/src/functions/engineering/complex.rs
Index,fn_index,/Users/maxwittenberg/Desktop/dagger_excel/excel_thorobid/Dagger_IronCalc/base/src/functions/lookup_and_reference.rs
Indirect,fn_indirect,/Users/maxwittenberg/Desktop/dagger_excel/excel_thorobid/Dagger_IronCalc/base/src/functions/lookup_and_reference.rs
Info,fn_info,/Users/maxwittenberg/Desktop/dagger_excel/excel_thorobid/Dagger_IronCalc/base/src/functions/information.rs
Int,fn_int,/Users/maxwittenberg/Desktop/dagger_excel/excel_thorobid/Dagger_IronCalc/base/src/functions/mathematical.rs
Intercept,fn_intercept,/Users/maxwittenberg/Desktop/dagger_excel/excel_thorobid/Dagger_IronCalc/base/src/functions/statistical/correl.rs
Ipmt,fn_ipmt,/Users/maxwittenberg/Desktop/dagger_excel/excel_thorobid/Dagger_IronCalc/base/src/functions/financial.rs
Irr,fn_irr,/Users/maxwittenberg/Desktop/dagger_excel/excel_thorobid/Dagger_IronCalc/base/src/functions/financial.rs
Isblank,fn_isblank,/Users/maxwittenberg/Desktop/dagger_excel/excel_thorobid/Dagger_IronCalc/base/src/functions/information.rs
Iserr,fn_iserr,/Users/maxwittenberg/Desktop/dagger_excel/excel_thorobid/Dagger_IronCalc/base/src/functions/information.rs
Iserror,fn_iserror,/Users/maxwittenberg/Desktop/dagger_excel/excel_thorobid/Dagger_IronCalc/base/src/functions/information.rs
Iseven,fn_iseven,/Users/maxwittenberg/Desktop/dagger_excel/excel_thorobid/Dagger_IronCalc/base/src/functions/information.rs
Isformula,fn_isformula,/Users/maxwittenberg/Desktop/dagger_excel/excel_thorobid/Dagger_IronCalc/base/src/functions/information.rs
Islogical,fn_islogical,/Users/maxwittenberg/Desktop/dagger_excel/excel_thorobid/Dagger_IronCalc/base/src/functions/information.rs
Isna,fn_isna,/Users/maxwittenberg/Desktop/dagger_excel/excel_thorobid/Dagger_IronCalc/base/src/functions/information.rs
Isnontext,fn_isnontext,/Users/maxwittenberg/Desktop/dagger_excel/excel_thorobid/Dagger_IronCalc/base/src/functions/information.rs
Isnumber,fn_isnumber,/Users/maxwittenberg/Desktop/dagger_excel/excel_thorobid/Dagger_IronCalc/base/src/functions/information.rs
IsoCeiling,fn_iso_ceiling,/Users/maxwittenberg/Desktop/dagger_excel/excel_thorobid/Dagger_IronCalc/base/src/functions/mathematical.rs
Isodd,fn_isodd,/Users/maxwittenberg/Desktop/dagger_excel/excel_thorobid/Dagger_IronCalc/base/src/functions/information.rs
Isoweeknum,fn_isoweeknum,/Users/maxwittenberg/Desktop/dagger_excel/excel_thorobid/Dagger_IronCalc/base/src/functions/date_and_time.rs
Ispmt,fn_ispmt,/Users/maxwittenberg/Desktop/dagger_excel/excel_thorobid/Dagger_IronCalc/base/src/functions/financial.rs
Isref,fn_isref,/Users/maxwittenberg/Desktop/dagger_excel/excel_thorobid/Dagger_IronCalc/base/src/functions/information.rs
Istext,fn_istext,/Users/maxwittenberg/Desktop/dagger_excel/excel_thorobid/Dagger_IronCalc/base/src/functions/information.rs
Kurt,fn_kurt,/Users/maxwittenberg/Desktop/dagger_excel/excel_thorobid/Dagger_IronCalc/base/src/functions/statistical/count_and_average.rs
Large,fn_large,/Users/maxwittenberg/Desktop/dagger_excel/excel_thorobid/Dagger_IronCalc/base/src/functions/statistical/count_and_average.rs
Lcm,fn_lcm,/Users/maxwittenberg/Desktop/dagger_excel/excel_thorobid/Dagger_IronCalc/base/src/functions/mathematical.rs
Left,fn_left,/Users/maxwittenberg/Desktop/dagger_excel/excel_thorobid/Dagger_IronCalc/base/src/functions/text.rs
Len,fn_len,/Users/maxwittenberg/Desktop/dagger_excel/excel_thorobid/Dagger_IronCalc/base/src/functions/text.rs
Ln,fn_ln,/Users/maxwittenberg/Desktop/dagger_excel/excel_thorobid/Dagger_IronCalc/base/src/functions/mathematical.rs
Log,fn_log,/Users/maxwittenberg/Desktop/dagger_excel/excel_thorobid/Dagger_IronCalc/base/src/functions/mathematical.rs
Log10,fn_log10,/Users/maxwittenberg/Desktop/dagger_excel/excel_thorobid/Dagger_IronCalc/base/src/functions/mathematical.rs
LogNormDist,fn_log_norm_dist,/Users/maxwittenberg/Desktop/dagger_excel/excel_thorobid/Dagger_IronCalc/base/src/functions/statistical/log_normal.rs
LogNormInv,fn_log_norm_inv,/Users/maxwittenberg/Desktop/dagger_excel/excel_thorobid/Dagger_IronCalc/base/src/functions/statistical/log_normal.rs
Lookup,fn_lookup,/Users/maxwittenberg/Desktop/dagger_excel/excel_thorobid/Dagger_IronCalc/base/src/functions/lookup_and_reference.rs
Lower,fn_lower,/Users/maxwittenberg/Desktop/dagger_excel/excel_thorobid/Dagger_IronCalc/base/src/functions/text.rs
Match,fn_match,/Users/maxwittenberg/Desktop/dagger_excel/excel_thorobid/Dagger_IronCalc/base/src/functions/lookup_and_reference.rs
Max,fn_max,/Users/maxwittenberg/Desktop/dagger_excel/excel_thorobid/Dagger_IronCalc/base/src/functions/mathematical.rs
MaxA,fn_maxa,/Users/maxwittenberg/Desktop/dagger_excel/excel_thorobid/Dagger_IronCalc/base/src/functions/statistical/count_and_average.rs
Maxifs,fn_maxifs,/Users/maxwittenberg/Desktop/dagger_excel/excel_thorobid/Dagger_IronCalc/base/src/functions/statistical/if_ifs.rs
Median,fn_median,/Users/maxwittenberg/Desktop/dagger_excel/excel_thorobid/Dagger_IronCalc/base/src/functions/statistical/count_and_average.rs
Mid,fn_mid,/Users/maxwittenberg/Desktop/dagger_excel/excel_thorobid/Dagger_IronCalc/base/src/functions/text.rs
Min,fn_min,/Users/maxwittenberg/Desktop/dagger_excel/excel_thorobid/Dagger_IronCalc/base/src/functions/mathematical.rs
MinA,fn_mina,/Users/maxwittenberg/Desktop/dagger_excel/excel_thorobid/Dagger_IronCalc/base/src/functions/statistical/count_and_average.rs
Minifs,fn_minifs,/Users/maxwittenberg/Desktop/dagger_excel/excel_thorobid/Dagger_IronCalc/base/src/functions/statistical/if_ifs.rs
Minute,fn_minute,/Users/maxwittenberg/Desktop/dagger_excel/excel_thorobid/Dagger_IronCalc/base/src/functions/date_and_time.rs
Mirr,fn_mirr,/Users/maxwittenberg/Desktop/dagger_excel/excel_thorobid/Dagger_IronCalc/base/src/functions/financial.rs
Mod,fn_mod,/Users/maxwittenberg/Desktop/dagger_excel/excel_thorobid/Dagger_IronCalc/base/src/functions/mathematical.rs
Month,fn_month,/Users/maxwittenberg/Desktop/dagger_excel/excel_thorobid/Dagger_IronCalc/base/src/functions/date_and_time.rs
Mround,fn_mround,/Users/maxwittenberg/Desktop/dagger_excel/excel_thorobid/Dagger_IronCalc/base/src/functions/mathematical.rs
N,fn_n,/Users/maxwittenberg/Desktop/dagger_excel/excel_thorobid/Dagger_IronCalc/base/src/functions/information.rs
NegbinomDist,fn_negbinom_dist,/Users/maxwittenberg/Desktop/dagger_excel/excel_thorobid/Dagger_IronCalc/base/src/functions/statistical/binom.rs
Networkdays,fn_networkdays,/Users/maxwittenberg/Desktop/dagger_excel/excel_thorobid/Dagger_IronCalc/base/src/functions/date_and_time.rs
NetworkdaysIntl,fn_networkdays_intl,/Users/maxwittenberg/Desktop/dagger_excel/excel_thorobid/Dagger_IronCalc/base/src/functions/date_and_time.rs
Nominal,fn_nominal,/Users/maxwittenberg/Desktop/dagger_excel/excel_thorobid/Dagger_IronCalc/base/src/functions/financial.rs
NormDist,fn_norm_dist,/Users/maxwittenberg/Desktop/dagger_excel/excel_thorobid/Dagger_IronCalc/base/src/functions/statistical/normal.rs
NormInv,fn_norm_inv,/Users/maxwittenberg/Desktop/dagger_excel/excel_thorobid/Dagger_IronCalc/base/src/functions/statistical/normal.rs
NormSInv,fn_norm_s_inv,/Users/maxwittenberg/Desktop/dagger_excel/excel_thorobid/Dagger_IronCalc/base/src/functions/statistical/normal.rs
NormSdist,fn_norm_s_dist,/Users/maxwittenberg/Desktop/dagger_excel/excel_thorobid/Dagger_IronCalc/base/src/functions/statistical/normal.rs
Not,fn_not,/Users/maxwittenberg/Desktop/dagger_excel/excel_thorobid/Dagger_IronCalc/base/src/functions/logical.rs
Now,fn_now,/Users/maxwittenberg/Desktop/dagger_excel/excel_thorobid/Dagger_IronCalc/base/src/functions/date_and_time.rs
Nper,fn_nper,/Users/maxwittenberg/Desktop/dagger_excel/excel_thorobid/Dagger_IronCalc/base/src/functions/financial.rs
Npv,fn_npv,/Users/maxwittenberg/Desktop/dagger_excel/excel_thorobid/Dagger_IronCalc/base/src/functions/financial.rs
Oct2bin,fn_oct2bin,/Users/maxwittenberg/Desktop/dagger_excel/excel_thorobid/Dagger_IronCalc/base/src/functions/engineering/number_basis.rs
Oct2dec,fn_oct2dec,/Users/maxwittenberg/Desktop/dagger_excel/excel_thorobid/Dagger_IronCalc/base/src/functions/engineering/number_basis.rs
Oct2hex,fn_oct2hex,/Users/maxwittenberg/Desktop/dagger_excel/excel_thorobid/Dagger_IronCalc/base/src/functions/engineering/number_basis.rs
Odd,fn_odd,/Users/maxwittenberg/Desktop/dagger_excel/excel_thorobid/Dagger_IronCalc/base/src/functions/mathematical.rs
Offset,fn_offset,/Users/maxwittenberg/Desktop/dagger_excel/excel_thorobid/Dagger_IronCalc/base/src/functions/lookup_and_reference.rs
Or,fn_or,/Users/maxwittenberg/Desktop/dagger_excel/excel_thorobid/Dagger_IronCalc/base/src/functions/logical.rs
Pduration,fn_pduration,/Users/maxwittenberg/Desktop/dagger_excel/excel_thorobid/Dagger_IronCalc/base/src/functions/financial.rs
Pearson,fn_pearson,/Users/maxwittenberg/Desktop/dagger_excel/excel_thorobid/Dagger_IronCalc/base/src/functions/statistical/pearson.rs
Phi,fn_phi,/Users/maxwittenberg/Desktop/dagger_excel/excel_thorobid/Dagger_IronCalc/base/src/functions/statistical/phi.rs
Pi,fn_pi,/Users/maxwittenberg/Desktop/dagger_excel/excel_thorobid/Dagger_IronCalc/base/src/functions/mathematical.rs
Pmt,fn_pmt,/Users/maxwittenberg/Desktop/dagger_excel/excel_thorobid/Dagger_IronCalc/base/src/functions/financial.rs
PoissonDist,fn_poisson_dist,/Users/maxwittenberg/Desktop/dagger_excel/excel_thorobid/Dagger_IronCalc/base/src/functions/statistical/poisson.rs
Power,fn_power,/Users/maxwittenberg/Desktop/dagger_excel/excel_thorobid/Dagger_IronCalc/base/src/functions/mathematical.rs
Ppmt,fn_ppmt,/Users/maxwittenberg/Desktop/dagger_excel/excel_thorobid/Dagger_IronCalc/base/src/functions/financial.rs
Product,fn_product,/Users/maxwittenberg/Desktop/dagger_excel/excel_thorobid/Dagger_IronCalc/base/src/functions/mathematical.rs
Pv,fn_pv,/Users/maxwittenberg/Desktop/dagger_excel/excel_thorobid/Dagger_IronCalc/base/src/functions/financial.rs
Quotient,fn_quotient,/Users/maxwittenberg/Desktop/dagger_excel/excel_thorobid/Dagger_IronCalc/base/src/functions/mathematical.rs
Radians,fn_radians,/Users/maxwittenberg/Desktop/dagger_excel/excel_thorobid/Dagger_IronCalc/base/src/functions/mathematical.rs
Rand,fn_rand,/Users/maxwittenberg/Desktop/dagger_excel/excel_thorobid/Dagger_IronCalc/base/src/functions/mathematical.rs
Randbetween,fn_randbetween,/Users/maxwittenberg/Desktop/dagger_excel/excel_thorobid/Dagger_IronCalc/base/src/functions/mathematical.rs
RankAvg,fn_rank_avg,/Users/maxwittenberg/Desktop/dagger_excel/excel_thorobid/Dagger_IronCalc/base/src/functions/statistical/rank_eq_avg.rs
RankEq,fn_rank_eq,/Users/maxwittenberg/Desktop/dagger_excel/excel_thorobid/Dagger_IronCalc/base/src/functions/statistical/rank_eq_avg.rs
Rate,fn_rate,/Users/maxwittenberg/Desktop/dagger_excel/excel_thorobid/Dagger_IronCalc/base/src/functions/financial.rs
Rept,fn_rept,/Users/maxwittenberg/Desktop/dagger_excel/excel_thorobid/Dagger_IronCalc/base/src/functions/text.rs
Right,fn_right,/Users/maxwittenberg/Desktop/dagger_excel/excel_thorobid/Dagger_IronCalc/base/src/functions/text.rs
Roman,fn_roman,/Users/maxwittenberg/Desktop/dagger_excel/excel_thorobid/Dagger_IronCalc/base/src/functions/mathematical.rs
Round,fn_round,/Users/maxwittenberg/Desktop/dagger_excel/excel_thorobid/Dagger_IronCalc/base/src/functions/mathematical.rs
Rounddown,fn_rounddown,/Users/maxwittenberg/Desktop/dagger_excel/excel_thorobid/Dagger_IronCalc/base/src/functions/mathematical.rs
Roundup,fn_roundup,/Users/maxwittenberg/Desktop/dagger_excel/excel_thorobid/Dagger_IronCalc/base/src/functions/mathematical.rs
Row,fn_row,/Users/maxwittenberg/Desktop/dagger_excel/excel_thorobid/Dagger_IronCalc/base/src/functions/lookup_and_reference.rs
Rows,fn_rows,/Users/maxwittenberg/Desktop/dagger_excel/excel_thorobid/Dagger_IronCalc/base/src/functions/lookup_and_reference.rs
Rri,fn_rri,/Users/maxwittenberg/Desktop/dagger_excel/excel_thorobid/Dagger_IronCalc/base/src/functions/financial.rs
Rsq,fn_rsq,/Users/maxwittenberg/Desktop/dagger_excel/excel_thorobid/Dagger_IronCalc/base/src/functions/statistical/pearson.rs
Search,fn_search,/Users/maxwittenberg/Desktop/dagger_excel/excel_thorobid/Dagger_IronCalc/base/src/functions/text.rs
Sec,fn_sec,/Users/maxwittenberg/Desktop/dagger_excel/excel_thorobid/Dagger_IronCalc/base/src/functions/mathematical.rs
Sech,fn_sech,/Users/maxwittenberg/Desktop/dagger_excel/excel_thorobid/Dagger_IronCalc/base/src/functions/mathematical.rs
Second,fn_second,/Users/maxwittenberg/Desktop/dagger_excel/excel_thorobid/Dagger_IronCalc/base/src/functions/date_and_time.rs
Sheet,fn_sheet,/Users/maxwittenberg/Desktop/dagger_excel/excel_thorobid/Dagger_IronCalc/base/src/functions/information.rs
Sheets,fn_sheets,/Users/maxwittenberg/Desktop/dagger_excel/excel_thorobid/Dagger_IronCalc/base/src/functions/information.rs
Sign,fn_sign,/Users/maxwittenberg/Desktop/dagger_excel/excel_thorobid/Dagger_IronCalc/base/src/functions/mathematical.rs
Sin,fn_sin,/Users/maxwittenberg/Desktop/dagger_excel/excel_thorobid/Dagger_IronCalc/base/src/functions/mathematical.rs
Sinh,fn_sinh,/Users/maxwittenberg/Desktop/dagger_excel/excel_thorobid/Dagger_IronCalc/base/src/functions/mathematical.rs
Skew,fn_skew,/Users/maxwittenberg/Desktop/dagger_excel/excel_thorobid/Dagger_IronCalc/base/src/functions/statistical/count_and_average.rs
SkewP,fn_skew_p,/Users/maxwittenberg/Desktop/dagger_excel/excel_thorobid/Dagger_IronCalc/base/src/functions/statistical/count_and_average.rs
Sln,fn_sln,/Users/maxwittenberg/Desktop/dagger_excel/excel_thorobid/Dagger_IronCalc/base/src/functions/financial.rs
Slope,fn_slope,/Users/maxwittenberg/Desktop/dagger_excel/excel_thorobid/Dagger_IronCalc/base/src/functions/statistical/correl.rs
Small,fn_small,/Users/maxwittenberg/Desktop/dagger_excel/excel_thorobid/Dagger_IronCalc/base/src/functions/statistical/count_and_average.rs
Sqrt,fn_sqrt,/Users/maxwittenberg/Desktop/dagger_excel/excel_thorobid/Dagger_IronCalc/base/src/functions/mathematical.rs
Sqrtpi,fn_sqrtpi,/Users/maxwittenberg/Desktop/dagger_excel/excel_thorobid/Dagger_IronCalc/base/src/functions/mathematical.rs
StDevP,fn_stdev_p,/Users/maxwittenberg/Desktop/dagger_excel/excel_thorobid/Dagger_IronCalc/base/src/functions/statistical/standard_dev.rs
StDevS,fn_stdev_s,/Users/maxwittenberg/Desktop/dagger_excel/excel_thorobid/Dagger_IronCalc/base/src/functions/statistical/standard_dev.rs
Standardize,fn_standardize,/Users/maxwittenberg/Desktop/dagger_excel/excel_thorobid/Dagger_IronCalc/base/src/functions/statistical/standardize.rs
Stdeva,fn_stdeva,/Users/maxwittenberg/Desktop/dagger_excel/excel_thorobid/Dagger_IronCalc/base/src/functions/statistical/standard_dev.rs
Stdevpa,fn_stdevpa,/Users/maxwittenberg/Desktop/dagger_excel/excel_thorobid/Dagger_IronCalc/base/src/functions/statistical/standard_dev.rs
Steyx,fn_steyx,/Users/maxwittenberg/Desktop/dagger_excel/excel_thorobid/Dagger_IronCalc/base/src/functions/statistical/correl.rs
Substitute,fn_substitute,/Users/maxwittenberg/Desktop/dagger_excel/excel_thorobid/Dagger_IronCalc/base/src/functions/text.rs
Subtotal,fn_subtotal,/Users/maxwittenberg/Desktop/dagger_excel/excel_thorobid/Dagger_IronCalc/base/src/functions/subtotal.rs
Sum,fn_sum,/Users/maxwittenberg/Desktop/dagger_excel/excel_thorobid/Dagger_IronCalc/base/src/functions/mathematical.rs
Sumif,fn_sumif,/Users/maxwittenberg/Desktop/dagger_excel/excel_thorobid/Dagger_IronCalc/base/src/functions/mathematical.rs
Sumifs,fn_sumifs,/Users/maxwittenberg/Desktop/dagger_excel/excel_thorobid/Dagger_IronCalc/base/src/functions/mathematical.rs
Sumsq,fn_sumsq,/Users/maxwittenberg/Desktop/dagger_excel/excel_thorobid/Dagger_IronCalc/base/src/functions/mathematical.rs
Sumx2my2,fn_sumx2my2,/Users/maxwittenberg/Desktop/dagger_excel/excel_thorobid/Dagger_IronCalc/base/src/functions/mathematical_sum.rs
Sumx2py2,fn_sumx2py2,/Users/maxwittenberg/Desktop/dagger_excel/excel_thorobid/Dagger_IronCalc/base/src/functions/mathematical_sum.rs
Sumxmy2,fn_sumxmy2,/Users/maxwittenberg/Desktop/dagger_excel/excel_thorobid/Dagger_IronCalc/base/src/functions/mathematical_sum.rs
Switch,fn_switch,/Users/maxwittenberg/Desktop/dagger_excel/excel_thorobid/Dagger_IronCalc/base/src/functions/logical.rs
Syd,fn_syd,/Users/maxwittenberg/Desktop/dagger_excel/excel_thorobid/Dagger_IronCalc/base/src/functions/financial.rs
T,fn_t,/Users/maxwittenberg/Desktop/dagger_excel/excel_thorobid/Dagger_IronCalc/base/src/functions/text.rs
TDist,fn_t_dist,/Users/maxwittenberg/Desktop/dagger_excel/excel_thorobid/Dagger_IronCalc/base/src/functions/statistical/t_dist.rs
TDist2T,fn_t_dist_2t,/Users/maxwittenberg/Desktop/dagger_excel/excel_thorobid/Dagger_IronCalc/base/src/functions/statistical/t_dist.rs
TDistRT,fn_t_dist_rt,/Users/maxwittenberg/Desktop/dagger_excel/excel_thorobid/Dagger_IronCalc/base/src/functions/statistical/t_dist.rs
TInv,fn_t_inv,/Users/maxwittenberg/Desktop/dagger_excel/excel_thorobid/Dagger_IronCalc/base/src/functions/statistical/t_dist.rs
TInv2T,fn_t_inv_2t,/Users/maxwittenberg/Desktop/dagger_excel/excel_thorobid/Dagger_IronCalc/base/src/functions/statistical/t_dist.rs
TTest,fn_t_test,/Users/maxwittenberg/Desktop/dagger_excel/excel_thorobid/Dagger_IronCalc/base/src/functions/statistical/t_dist.rs
Tan,fn_tan,/Users/maxwittenberg/Desktop/dagger_excel/excel_thorobid/Dagger_IronCalc/base/src/functions/mathematical.rs
Tanh,fn_tanh,/Users/maxwittenberg/Desktop/dagger_excel/excel_thorobid/Dagger_IronCalc/base/src/functions/mathematical.rs
Tbilleq,fn_tbilleq,/Users/maxwittenberg/Desktop/dagger_excel/excel_thorobid/Dagger_IronCalc/base/src/functions/financial.rs
Tbillprice,fn_tbillprice,/Users/maxwittenberg/Desktop/dagger_excel/excel_thorobid/Dagger_IronCalc/base/src/functions/financial.rs
Tbillyield,fn_tbillyield,/Users/maxwittenberg/Desktop/dagger_excel/excel_thorobid/Dagger_IronCalc/base/src/functions/financial.rs
Text,fn_text,/Users/maxwittenberg/Desktop/dagger_excel/excel_thorobid/Dagger_IronCalc/base/src/functions/text.rs
Textafter,fn_textafter,/Users/maxwittenberg/Desktop/dagger_excel/excel_thorobid/Dagger_IronCalc/base/src/functions/text.rs
Textbefore,fn_textbefore,/Users/maxwittenberg/Desktop/dagger_excel/excel_thorobid/Dagger_IronCalc/base/src/functions/text.rs
Textjoin,fn_textjoin,/Users/maxwittenberg/Desktop/dagger_excel/excel_thorobid/Dagger_IronCalc/base/src/functions/text.rs
Time,fn_time,/Users/maxwittenberg/Desktop/dagger_excel/excel_thorobid/Dagger_IronCalc/base/src/functions/date_and_time.rs
Timevalue,fn_timevalue,/Users/maxwittenberg/Desktop/dagger_excel/excel_thorobid/Dagger_IronCalc/base/src/functions/date_and_time.rs
Today,fn_today,/Users/maxwittenberg/Desktop/dagger_excel/excel_thorobid/Dagger_IronCalc/base/src/functions/date_and_time.rs
Trim,fn_trim,/Users/maxwittenberg/Desktop/dagger_excel/excel_thorobid/Dagger_IronCalc/base/src/functions/text.rs
True,fn_true,/Users/maxwittenberg/Desktop/dagger_excel/excel_thorobid/Dagger_IronCalc/base/src/functions/logical.rs
Trunc,fn_trunc,/Users/maxwittenberg/Desktop/dagger_excel/excel_thorobid/Dagger_IronCalc/base/src/functions/mathematical.rs
Type,fn_type,/Users/maxwittenberg/Desktop/dagger_excel/excel_thorobid/Dagger_IronCalc/base/src/functions/information.rs
Unicode,fn_unicode,/Users/maxwittenberg/Desktop/dagger_excel/excel_thorobid/Dagger_IronCalc/base/src/functions/text.rs
Upper,fn_upper,/Users/maxwittenberg/Desktop/dagger_excel/excel_thorobid/Dagger_IronCalc/base/src/functions/text.rs
Value,fn_value,/Users/maxwittenberg/Desktop/dagger_excel/excel_thorobid/Dagger_IronCalc/base/src/functions/text.rs
Valuetotext,fn_valuetotext,/Users/maxwittenberg/Desktop/dagger_excel/excel_thorobid/Dagger_IronCalc/base/src/functions/text.rs
VarA,fn_vara,/Users/maxwittenberg/Desktop/dagger_excel/excel_thorobid/Dagger_IronCalc/base/src/functions/statistical/variance.rs
VarP,fn_var_p,/Users/maxwittenberg/Desktop/dagger_excel/excel_thorobid/Dagger_IronCalc/base/src/functions/statistical/variance.rs
VarS,fn_var_s,/Users/maxwittenberg/Desktop/dagger_excel/excel_thorobid/Dagger_IronCalc/base/src/functions/statistical/variance.rs
VarpA,fn_varpa,/Users/maxwittenberg/Desktop/dagger_excel/excel_thorobid/Dagger_IronCalc/base/src/functions/statistical/variance.rs
Vlookup,fn_vlookup,/Users/maxwittenberg/Desktop/dagger_excel/excel_thorobid/Dagger_IronCalc/base/src/functions/lookup_and_reference.rs
Weekday,fn_weekday,/Users/maxwittenberg/Desktop/dagger_excel/excel_thorobid/Dagger_IronCalc/base/src/functions/date_and_time.rs
Weeknum,fn_weeknum,/Users/maxwittenberg/Desktop/dagger_excel/excel_thorobid/Dagger_IronCalc/base/src/functions/date_and_time.rs
WeibullDist,fn_weibull_dist,/Users/maxwittenberg/Desktop/dagger_excel/excel_thorobid/Dagger_IronCalc/base/src/functions/statistical/weibull.rs
Workday,fn_workday,/Users/maxwittenberg/Desktop/dagger_excel/excel_thorobid/Dagger_IronCalc/base/src/functions/date_and_time.rs
WorkdayIntl,fn_workday_intl,/Users/maxwittenberg/Desktop/dagger_excel/excel_thorobid/Dagger_IronCalc/base/src/functions/date_and_time.rs
Xirr,fn_xirr,/Users/maxwittenberg/Desktop/dagger_excel/excel_thorobid/Dagger_IronCalc/base/src/functions/financial.rs
Xlookup,fn_xlookup,/Users/maxwittenberg/Desktop/dagger_excel/excel_thorobid/Dagger_IronCalc/base/src/functions/xlookup.rs
Xnpv,fn_xnpv,/Users/maxwittenberg/Desktop/dagger_excel/excel_thorobid/Dagger_IronCalc/base/src/functions/financial.rs
Xor,fn_xor,/Users/maxwittenberg/Desktop/dagger_excel/excel_thorobid/Dagger_IronCalc/base/src/functions/logical.rs
Year,fn_year,/Users/maxwittenberg/Desktop/dagger_excel/excel_thorobid/Dagger_IronCalc/base/src/functions/date_and_time.rs
Yearfrac,fn_yearfrac,/Users/maxwittenberg/Desktop/dagger_excel/excel_thorobid/Dagger_IronCalc/base/src/functions/date_and_time.rs
ZTest,fn_z_test,/Users/maxwittenberg/Desktop/dagger_excel/excel_thorobid/Dagger_IronCalc/base/src/functions/statistical/z_test.rs
